x,y
-0.14392096340653487,11.887229149555619
0.54555978588326,5.965502210050294
2.738827334657644,6.897689425789454
-0.9768597030898434,5.834576402363235
2.3882646670909438,7.1136941457574725
-0.18847050203315519,6.523287747587349
1.9035979309207933,7.379457048219019
0.322986024213177,7.137807245785381
1.4575307170086966,7.7354174967604
0.8320347916929788,7.818573977019536
1.0398082775516198,8.02151703862778
1.0929641427604735,8.127457673846642
1.1355593844583534,8.168067565947645
1.1811532701685319,8.164889422359495
1.229605261021224,8.143431780442063
1.2694290848388083,8.133871350079993
1.291275173816846,8.14055818060101
1.2923061220292529,8.157383190692405
1.2718628362085855,8.182119732239409
1.234490234001658,8.214145514497288
1.1952793047347947,8.247197308896382
1.1684158175972645,8.270272349820806
1.1547715755652608,8.277945648321271
1.150378259773392,8.270193303625936
1.1523090564021623,8.249305097568586
1.1581763029755208,8.220143703708121
1.1650524604025632,8.189898418811884
1.1701475837509048,8.164661239308499
1.1721987847798152,8.146440074522669
1.1714031616953857,8.134213431318512
1.166380740742576,8.129778512217214
1.1605592173136108,8.127049818462986
1.154442998488279,8.125223895439209
1.1483648333824386,8.12381572640598
1.1425293663668394,8.122542891058185
1.1370490472358192,8.121251333783421
1.1319731295974826,8.119867247005246
1.1273102867292233,8.118365415187455
1.1230453296997804,8.116748436761645
1.1191508153403003,8.115033369339729
1.1801538058186714,8.038654577500173
1.236536538668507,7.972728258992075
1.2848235184106542,7.92077735623888
1.3241985760481687,7.881537573372691
1.3556535982677167,7.851987188245872
1.3805642870900123,7.829370069703699
1.4001266877809722,7.811641605062496
1.4152727585478235,7.797364432484669
1.4267223029111016,7.785531487540198
1.4350499300757444,7.7754282581251655
1.4407376912425074,7.7665403890951294
1.4442105346919683,7.758493887929419
1.445857497799325,7.751016230966423
1.4460420131170761,7.743910388380236
1.4451042271232768,7.737036759629298
1.4433578622635264,7.730299979269299
1.4410839996597802,7.723638788635314
1.438524069730599,7.717017930775452
1.4358741215303308,7.710421488362779
1.4332819718034022,7.703847356206858
1.4308481041949574,7.697302690029942
1.4291637746031827,7.690147030910763
1.427452465272663,7.683067879538245
1.425808940157092,7.676064310363926
1.424282923155153,7.669141150973356
1.4223963572482141,7.667953512941832
1.4215054995684364,7.666964107038772
1.4210721386038667,7.66623385713628
1.4208400711475426,7.665787000665535
1.4206990849948953,7.665629643678009
1.4206065696702155,7.665759550569388
1.4205475987800267,7.666170827723942
1.4205171560854295,7.666855944438551
1.4205133116324782,7.6678065278215755
1.4205349959392206,7.669013665647329
1.4205813834349732,7.670468037887324
1.4206517350769703,7.67215999433824
1.4207453478775027,7.6740796135985105
1.4208615284835828,7.676216752204619
1.4209995757183127,7.678561086280543
1.0839978441527458,7.7348022634694455
1.0879371427793334,7.764525543311153
1.0884814414487973,7.795017465221569
1.088236167031266,7.825643722695761
1.0876472681815763,7.855986243953734
1.0868587878778602,7.885683000979858
1.0859489756849183,7.9144175641611305
1.0849803438903944,7.941923546312903
1.0840118180733085,7.967988561625245
1.0831003493698093,7.99245475542311
1.082299210647051,8.015215760381663
1.0816555122693676,8.036210967982527
1.0812080111967037,8.05541835792647
1.0809856603785801,8.072847065456815
1.0810070063452035,8.088530562941603
1.0812803529596378,8.102520948653126
1.081804519748466,8.114884491286475
1.0825700012517203,8.125698333177981
1.0835603510145586,8.135048117795609
1.0847536482003872,8.143026258199656
1.0870634178493634,8.147904995014654
1.0893694067509045,8.151811587408325
1.0916684470540834,8.154839965734052
1.0939504410060858,8.15708697986404
1.0962012207754974,8.158649689723607
1.098404645929451,8.159622937720542
1.0972178241437616,8.15589768664723
1.096082702408578,8.152064538610125
1.0949531806433563,8.14819450371997
1.0937983339460837,8.14434478402702
1.0925993839068082,8.14055933004072
1.0913471336848728,8.136870157270547
1.0900397542704758,8.133299085934159
1.0886808760393376,8.12985963152308
1.0872779668533623,8.126558847115058
1.0858409843017311,8.12339898911844
1.084381286651147,8.12037893831631
1.082910781264234,8.117495353789995
1.0814412840355903,8.114743568347874
1.0799840601785369,8.112118252507111
1.0780654408396826,8.110603298784037
1.0762552785388582,8.109079652534403
1.074553134784505,8.107555645743458
1.0729577353717665,8.10603926688701
1.0714671794485762,8.104538006750591
1.0700791126629514,8.103058750197114
1.0687908657597365,8.101607707127977
1.067599561847839,8.10019037584521
1.066502196532422,8.09881153238217
1.0654956954388646,8.097475239983309
1.063575592701702,8.098170396605488
1.0618967804740354,8.098673952673868
1.0604354177460995,8.099016007518127
1.05916983745475,8.099222834725532
1.0580804776191088,8.099317325649436
1.057149762621904,8.099319375422198
1.0563619530395363,8.099246223751713
1.0557029791619894,8.09911275832224
1.055160269751331,8.098931786125629
1.0547225842924672,8.098714276627863
1.0543798542441964,8.098469579832928
1.0541230366497898,8.098205621773964
1.0539439818624345,8.097929079600025
1.0538353159918519,8.097645538162915
1.0547420678015091,8.095377566039437
1.0555615842341874,8.093344172402334
1.0563078406865767,8.091523402637328
1.0569927145763476,8.089894931525075
1.0576262589344745,8.088440083969147
1.058216938946779,8.087141805697524
1.0587718396350017,8.08598459759531
1.0592968497726498,8.084954425753958
1.0597968253554273,8.08403861716242
1.0602757349461756,8.083225748745283
1.0607367886610186,8.082505535438875
1.061182552260674,8.081868721298367
1.0616150476435762,8.081306976268378
1.062035840939405,8.080812800202219
1.0624461193357284,8.080379434936845
1.0628467577167702,8.080000784672462
1.0632383761416484,8.079671344521245
1.0636213891352515,8.079386136837659
1.0639960477067547,8.07914065479005
1.0643624749488032,8.078930812552112
1.0647206960055695,8.078752901462694
1.0650706631315334,8.078603551507067
1.068314455140439,8.083089296076782
1.0716278061227815,8.087289372928181
1.0749633859189613,8.091215023864297
1.0782823360015152,8.094876190046705
1.08155313186225,8.098282376168436
1.0847505212564428,8.101443165304676
1.0878545550170715,8.104368476717037
1.0908497216762818,8.107068644100236
1.0937241909959479,8.109554376842253
1.0964691657797185,8.111836652740934
1.099078336644648,8.113926577986849
1.1015474310382305,8.115835239498562
1.10387384570077,8.117573566022056
1.1060563508356425,8.119152207706449
1.107625076346058,8.121495664733594
1.1091294701900285,8.12357848555288
1.110559669907316,8.125425489627716
1.1119083656069828,8.127058674423623
1.1131703251413962,8.128497663566577
1.114342017556247,8.129760061324992
1.1154213146258398,8.130861735680455
1.1164072536273157,8.131817046814392
1.1172998475395959,8.132639033756437
1.118099931533029,8.13333956885432
1.1188090369330832,8.133929487377486
1.119429285805866,8.134418697772633
1.119963300948193,8.134816276715542
1.1204141274011776,8.135130552052086
1.1207851626779268,8.135369175919944
1.1210800937374952,8.135539189737052
1.1213028393822024,8.135647082291142
1.1214574972351603,8.135698841834532
1.1215482947982858,8.135700002853001
1.121579544324326,8.135655688015998
1.1242450168545122,8.139891830121996
1.1269639495703647,8.143738010206658
1.1296838212007974,8.147228863958363
1.1323639304724056,8.150393554083223
1.1349731247176018,8.153257546797779
1.1374879146531582,8.155843757578904
1.1398909258491705,8.158173254809297
1.142169641386561,8.160265665482815
1.1443153929842385,8.162139390022654
1.1463225606396212,8.163811703029966
1.1481879440514133,8.165298792904318
1.1499102728440265,8.166615775063248
1.1514898267339808,8.167776700091936
1.152928141037005,8.168794568677319
1.1542277770832965,8.169681358761052
1.155392141007649,8.170448066217869
1.1564253378906912,8.17110475789268
1.1573320512829128,8.171660634507399
1.158117440724473,8.172124100395289
1.1587870519927392,8.172502836958227
1.1593467364982843,8.172803876974987
1.1598025775525256,8.173033677282675
1.1601608221959565,8.173198187820562
1.1604278179561551,8.173302915509083
1.159412152970865,8.175250998211487
1.1585552189992951,8.176836005434147
1.157824656188865,8.178112502566806
1.157193746889024,8.179126359554994
1.156640457975654,8.179916542892414
1.15614668854998,8.180516413995234
1.155697661854803,8.180954692842537
1.1552814228158224,8.181256191001905
1.1548884156806392,8.181442383682745
1.1545111241533388,8.181531868037478
1.1541437614962877,8.181540739929714
1.1537820014883837,8.181482911142888
1.1534227435197222,8.181370381928486
1.153063906808308,8.181213478908472
1.152704249943876,8.181021065010961
1.152343212825188,8.180800725890215
1.158224483405645,8.174247931667942
1.1630975701172077,8.16892706118433
1.1671432154344596,8.164628897480538
1.170505774299851,8.161171337045534
1.173301883536763,8.158399149721093
1.1756263235501438,8.156182497467343
1.1775564295805871,8.154414367742795
1.1791555847453996,8.153007470649571
1.1804760210598935,8.151891076494543
1.1815610543411397,8.151008089780452
1.1824468494858442,8.150312498358213
1.1831638020470066,8.149767232436965
1.1837376134641002,8.149342410670899
1.1841901271375574,8.14901392476974
1.1845399812834205,8.148762306990644
1.1848031233763143,8.148571827450704
1.1849932209113858,8.148429774956927
1.1851219946629712,8.148325882947615
1.1851994937129084,8.148251869667911
1.1852343261700182,8.148201068232373
1.1852338554984494,8.148168127595328
1.1852043694708438,8.14814876971739
1.1851512267206974,8.14813959153732
1.1850789844713165,8.148137902908106
1.1849915100869668,8.148141593599115
1.1848920784833734,8.14814902394297
1.1847834570425517,8.148158934829832
1.184667979423392,8.148170373611338
1.1845476094905647,8.14818263313889
1.1844239964642358,8.148195201676433
1.184298522299189,8.148207721833467
1.1841723422207486,8.148219956986923
1.1840464192691897,8.14823176392067
1.1839215536307441,8.148243070623247
1.1837984074608374,8.148253858358617
1.183677525834057,8.148264147269282
1.1835593543863152,8.148273984891743
1.1834442541486656,8.148283437065588
1.1833325140100754,8.148292580802824
1.183224361188795,8.148301498756096
1.1807112280174663,8.144206508075762
1.1781932318482773,8.140396451704879
1.1756792093172574,8.13684640296043
1.1731817530415187,8.133534340640011
1.1707151227239976,8.130441176820213
1.1682938303321757,8.127550637681075
1.163619549662905,8.120761449762425
1.1589966341503308,8.114403310500862
1.1544342337772782,8.108438919520747
1.1499485991951603,8.102836772300853
1.1455592293835262,8.097570742028548
1.1412863387191683,8.092619545552871
1.1371492521179496,8.087966104701003
1.1393534242752803,8.07864060691819
1.1410225997932308,8.070284275046143
1.1422405663503503,8.062821518695024
1.1430860820650175,8.056172609611059
1.143631151972497,8.050259129096073
1.1439400028923383,8.04500733415101
1.144068702588151,8.040349910531214
1.1451409683108236,8.034562322173565
1.1459470157285827,8.029438632387839
1.1465430590691663,8.024909161279766
1.1407931405832525,8.025446539262603
1.1355888000339227,8.025831296186286
1.1309028775621142,8.02610126816066
1.1267042356749837,8.026289368587538
1.1229594793108846,8.026424023313426
1.1196344355470467,8.02652946874726
1.1166953115640106,8.026626013807643
1.1141095263144862,8.026730311473932
1.1118462527979764,8.026855654400949
1.1098767251468586,8.027012292887806
1.1081743672396098,8.027207766470434
1.1067147941575552,8.027447238535478
1.1054757290501216,8.02773382410063
1.1044368685845976,8.028068902770352
1.1035797215507517,8.028452411026127
1.1028874379668812,8.028883110032764
1.1023446403167432,8.029358826862746
1.1019372642196095,8.029876668414289
1.0955317524335584,8.034960201595457
1.0898985589991939,8.03951459091834
1.0849638543098084,8.043600407864579
1.0796880731708975,8.04896014344539
1.0751201174807863,8.053798205616149
1.0711813009565563,8.05816814557389
1.0677995895858798,8.062116425983785
1.0649099372820277,8.065683619109272
1.0624542108881567,8.068905382475862
1.0603808367358305,8.071813267590933
1.0586442826556457,8.074435392623275
1.0572044624199914,8.076796998666767
1.0560261232941819,8.078920904648433
1.0550782555416756,8.080827874336821
1.0543335462817671,8.082536908307842
1.0537678885578687,8.084065473226932
1.0533599488706,8.085429680071492
1.0530907917448904,8.086644421890243
1.0529435572581962,8.087723480442108
1.0491651106551656,8.08844642083408
1.0457327213515486,8.088902735402357
1.0426126869890775,8.089129664270049
1.0401708379871673,8.087627788231977
1.0378851199522103,8.08611498374997
1.0357434020615548,8.084605846956713
1.033735870959066,8.083112955498468
1.031854582559238,8.081647007866476
1.0300930749935533,8.080216980637902
1.0284460381977687,8.078830292144849
1.027292280793562,8.075918245365749
1.0261412078288477,8.073221574136564
1.025003678718675,8.070727284853376
1.0238895597889441,8.068422757387824
1.0228076293866002,8.066295944429497
1.0217655353521173,8.064335485850812
1.0207697928404267,8.062530760157253
1.0198258124434665,8.060871891150937
1.0189379503338774,8.059349724232877
1.0181095736932946,8.057955783493036
1.0173431360135445,8.056682217961185
1.019729933324707,8.059990761573253
1.0222678318500946,8.06317866199371
1.0249154729996597,8.066247619308795
1.0276368846690185,8.069197814248238
1.0312471899312403,8.070119272563174
1.0347112563596246,8.07116443427901
1.0380342157238676,8.072300687453172
1.041219536082151,8.073501009250304
1.0442696054672793,8.074743065794987
1.0471861578698227,8.076008445637454
1.049970580025568,8.077282008314459
1.0526241283957838,8.07855133288972
1.0551480788304182,8.079806253573866
1.057543826120288,8.081038471068517
1.0598129465688464,8.08224122945926
1.0619572335629321,8.083409049472687
1.0639787136872831,8.084537509806927
1.0658796490523055,8.085623069088516
1.0676625300668015,8.086662921817855
1.078138100073318,8.085123640195228
1.0877670449788077,8.08424816394352
1.0966385789967406,8.083889254536285
1.1048204424236572,8.083928698139523
1.1123652520308978,8.084272016501782
1.1193150249556107,8.084844054355003
1.1257044444154467,8.08558525058625
1.1320107091204512,8.085581433043691
1.137739566150509,8.085779297215687
1.1429267035281228,8.086133802486273
1.1476044405743466,8.08660790269768
1.151802844587655,8.087170917215115
1.15555051022005,8.087797236939675
1.1588750787745103,8.088465312039073
1.161803556876154,8.089156872110534
1.1643624817744236,8.089856334254145
1.1665779718088858,8.090550359865768
1.1684756940137515,8.091227526470073
1.1700807756203777,8.091878086276463
1.1714176818168403,8.092493788132236
-0.508696280615522,9.887382125720709
0.06335814358205605,4.641626513122896
1.7433133257020808,5.379707676800496
1.4216803970781497,4.215821338304566
1.416758272537224,3.766763313950263
1.5720368970253713,3.7176552850471825
1.3073304628389606,3.6672016222995727
1.3617894676778481,3.7858939229745303
1.1875709292366605,3.8049952112914016
1.1801727237159565,3.864092327494368
1.1408938488624292,3.9504096759790914
1.1215195592504932,4.056143132129426
1.1321703623870625,4.16907004047876
1.1701448982407874,4.264099724526296
1.2175132274746236,4.330406609655
1.2606146535968843,4.374368404965154
1.2942539612538122,4.40363366614171
1.317360446349435,4.423323009475689
1.3305427081066818,4.436626435252377
1.3351135870149928,4.445512878229111
1.3198017099584398,4.435706715587322
1.3039076715994857,4.427542467534598
1.2883755658490643,4.4199047122549615
1.2744784540180552,4.412568462588956
1.2629988607549725,4.405568100709726
1.2540374590879868,4.3989093164502835
1.236151971981049,4.386175152615657
1.2245383412266133,4.3758428360029615
1.2170129539352867,4.366943254387579
1.2120493823751883,4.358847504322819
1.2087131389771788,4.351212179441703
1.2064563734685712,4.343881603291645
1.2049553976936251,4.336807251117081
1.2040113846999274,4.329995613771728
1.2034947552625104,4.32347770870991
1.2033149125106382,4.317292220221779
1.2034038496519373,4.31147662541585
1.20510742573615,4.308126700480696
1.206563758694906,4.304782667467573
1.2078595372262113,4.301577221450692
1.2272204940684326,4.3285041032471305
1.2413828006855683,4.348693982792697
1.2511848589634464,4.362854511885383
1.2575460702245556,4.372395672509719
1.2613728684407326,4.378775908294577
1.2642257061028772,4.384498777257974
1.265441676527334,4.388457461205163
1.2654853142976845,4.391277117005818
1.2646948228468406,4.393360368403521
1.2633246409041308,4.394968031758479
1.2615717424803417,4.39627093524799
1.2595902146106819,4.397381086510864
1.2574993607636724,4.398370482068461
1.2553889511175471,4.399283040792282
1.2533235879364522,4.400142787185887
1.251346968369209,4.400959898056654
1.2494861365694858,4.401735372311217
1.2477555214570069,4.40246466058606
1.246160516034697,4.403140419115002
1.244700437506063,4.403754504613933
1.2433708199657487,4.404299326303562
1.2421650824381891,4.404768677579348
1.2410756683091118,4.405158168326129
1.2400947712894106,4.405465367803492
1.239214758909554,4.40568975084099
1.2384283881687979,4.40583252086708
1.2377288874665637,4.405896365028194
1.2371099591688626,4.4058851809285775
1.242978000174865,4.41059699111176
1.2473356479194524,4.413902377405241
1.2506013759895946,4.416174576985964
1.2530720128243604,4.417690464553872
1.254959676985305,4.418653431036903
1.2564165427348615,4.419211770139122
1.257552219014667,4.41947323476055
1.2584460813813805,4.419516167676611
1.2591560124952221,4.419397761893686
1.259724575110251,4.419160062578408
1.2601833612208457,4.418834269411513
1.2605560551827713,4.41844379655536
1.2491001012728231,4.401854429211978
1.2410370750414033,4.388179901689247
1.2353059328601113,4.376536806342331
1.2311881463840892,4.366380060629701
1.2281936782071448,4.3573645833973105
1.2259907188543193,4.349270540617882
1.2243562390668659,4.341958055113216
1.2221386202378162,4.333949490551139
1.2204533636926045,4.326751461660017
1.2191739936244346,4.320283221960436
1.2182117073965175,4.314490250760468
1.2175026052401121,4.309333807704773
1.2169990616690138,4.304783778862431
1.216663994251391,4.30081375697657
1.2164671174714172,4.297397676797131
1.2163825403276511,4.294507578668056
1.216387270226603,4.29211224028406
1.2164603309474673,4.290176520853181
1.2165823012700165,4.288661318386225
1.216735144698198,4.287524060065799
1.2169022389980646,4.286719637428773
1.2170685348554315,4.28620167354274
1.2172207827869221,4.285923981287995
1.2185477613496303,4.288111518314037
1.2196159164129903,4.290082984391521
1.220446872599101,4.291827958257807
1.219652571247418,4.290785429987028
1.2189408850769223,4.290005290482752
1.2182976728739396,4.289444687308754
1.2177110821184018,4.289066288447909
1.2171712212358536,4.288837504953279
1.2166699367249318,4.288729987599471
1.2162006344433656,4.288719253963305
1.2157581139591767,4.288784365881285
1.2153384026437644,4.288907617069922
1.2149385864914535,4.289074215349062
1.2158686166086363,4.2917525303897746
1.2165110959820509,4.2939214734063915
1.2169221391330665,4.295663850813293
1.2171510818189866,4.297056995680657
1.2350028565262268,4.332603379627459
1.2475861021384695,4.357941539218368
1.255570814172794,4.374536306823514
1.2602592267906423,4.385208691566334
1.2627914371689122,4.392238487605278
1.2652465180129668,4.398967907134321
1.2655483338079194,4.396967836410625
1.2664833992316555,4.395702002176075
1.2677688747336362,4.39481827734863
1.2692279189887812,4.394122669941503
1.2707459236052978,4.393505939588523
1.2722481927655707,4.392907300081898
1.2736871387264659,4.39229482797993
1.2750341563125265,4.391654151301802
1.2762740489636697,4.390981580398077
1.2774010033941425,4.390279785578198
1.2784156030955818,4.389555016695224
1.2793225955891365,4.3888152972759915
1.2801292343969521,4.388069254498394
1.2808440696406382,4.387325373197176
1.2814760904094729,4.386591536456108
1.2820341407923173,4.385874761127545
1.282526545482807,4.385181065954231
1.282960892473504,4.384515429334026
1.283343930380408,4.383881806818181
1.2836815466270493,4.3832831873460085
1.2839788001340233,4.38272167336415
1.2842399883600848,4.382198574256378
1.2844687336157246,4.381714505525679
1.2841013087089712,4.380424510637694
1.2839117581684303,4.379352688639741
1.2838410436470447,4.378450563149996
1.2838478008275753,4.377683619714767
1.2839029897382113,4.377026854485397
1.283986196301052,4.376461794307461
1.284083074167548,4.375974488529766
1.2841835732962061,4.375554149024931
1.2842807102424516,4.375192225217309
1.2843697107443972,4.374881772107335
1.2844474078780264,4.374617016113259
1.2722573624778797,4.359236447617155
1.2639026360991639,4.347081290318626
1.2581203952735864,4.337117984693156
1.2529855778439873,4.327425216897843
1.249334830202011,4.319140732827885
1.2467072625719122,4.311952005248186
1.2448014375329313,4.305664255484682
1.2434203416045548,4.300155611816258
1.2424333338420588,4.295347814001333
1.237271232837813,4.292021469660145
1.2331538342477362,4.289670820847002
1.2298849910995795,4.288196067306143
1.227288683847361,4.287476261964865
1.2214172711879867,4.288611319948824
1.2165224512935273,4.2905482979165495
1.2123944815820489,4.293126820577927
1.208848463273934,4.296152114231555
1.2027570732507038,4.301649406404596
1.1973227737531342,4.307384608107193
1.1923509353590291,4.313119170094153
1.187700290479033,4.318650208004123
1.1832805304862735,4.323831039589897
1.1790450079352,4.328574749527137
1.1749803124807392,4.332846111847361
1.1732398005795281,4.332931111376869
1.1718871110019158,4.333024499332538
1.17088163091876,4.33310447215266
1.170184601721973,4.3331559182661925
1.1697595456601018,4.333169419957686
1.1695724937750045,4.333140146391656
1.1695920787553789,4.333066778576429
1.16978953698202,4.332950548595343
1.1701386496064097,4.332794431295548
1.1706156427686885,4.332602496634368
1.1711990609031433,4.332379412670141
1.1718696232793577,4.332130079741614
1.1726100715120975,4.331859372897248
1.1734050140933332,4.331571969844827
1.1742407726826543,4.331272243929406
1.1751052337578205,4.330964204787238
1.1759877082102999,4.3306514726584036
1.1768788005634487,4.330337275468501
1.177770288706225,4.330024460511797
1.1786550143866528,4.3297155148162245
1.1795267842028454,4.329412590051843
1.1803802804619246,4.3291175292062185
1.1812109810372475,4.328831893256966
1.182015087224923,4.328556986790894
1.182789458561666,4.328293882014074
1.1835315535968232,4.328043440922888
1.1842393756920027,4.327806335608654
1.1849114230342632,4.327583066784363
1.1855466421779441,4.327373980679976
1.1861443845635926,4.327179284473461
1.1867043655905671,4.3269990604236614
1.187226625936061,4.326833278858409
1.187711494913216,4.3266818101537465
1.1881595557425095,4.326544435821716
1.188571612673217,4.326420858806932
1.1889486599362873,4.326310713076971
1.1842491549932717,4.3202591624434215
1.1803695653636972,4.31543346529746
1.1771866655557506,4.311612457901097
1.1745870939305836,4.30861720846487
1.1724688802963454,4.306298151896466
1.1707431603427543,4.304529181650523
1.1693346758828502,4.303204148152703
1.1681811340841046,4.3022341714238985
1.1672318735491036,4.301545304040406
1.166446245772874,4.301076445818261
1.1657919802279166,4.300777494901846
1.1652436759753388,4.300607721353277
1.1647814790386846,4.300534339754931
1.164389957577524,4.300531254539923
1.1640571639806157,4.300577955475228
1.1637738639271298,4.300658546838924
1.1635329103281316,4.300760899179218
1.1633287409262092,4.300875915737955
1.1631569802363368,4.300996906646136
1.163014128615876,4.301119063520252
1.161726966050872,4.298624662591668
1.1607613690909977,4.296704897611426
1.1600458658312653,4.29523020330973
1.1595244679496817,4.294100977656088
1.1636378551169797,4.299485331562057
1.1670307768532058,4.303577781115827
1.1698773963567208,4.3066879097468656
1.1723009754610692,4.309053490226989
1.1743900242385608,4.310855683588164
1.1762086214587,4.312231091722065
1.1778035447454842,4.313281954039097
1.1792093575176603,4.314084576227664
1.180452057588044,4.314696019548982
1.1815516758516373,4.31515922073395
1.1825241050979265,4.315506803416368
1.1833823689081195,4.315763859134887
1.184137488368279,4.31594994843353
1.1847990639013504,4.3160805278990635
1.1853756583967034,4.3161679630972065
1.1858750442084987,4.316222247367027
1.1922176056147094,4.315933427779393
1.1979553586717868,4.315202993407177
1.2031873033728662,4.31427377471095
1.207968432192719,4.313286723203809
1.2158307637354442,4.315794562365647
1.2226873195851553,4.317470617420401
1.2304523983719415,4.313721089396083
1.2378115720081575,4.310624673464979
1.2396228599584307,4.3022379268345885
1.2419950833142,4.295945377963637
1.243004936520431,4.288618788876732
1.244256718144663,4.282733471836139
1.2455244373527814,4.2778586093070885
1.2433910164778545,4.276011571706744
1.2414176443473972,4.274500155572968
1.2396185901248746,4.273353701146559
1.233145579726112,4.266654628232155
1.2235783614341167,4.261890711814856
1.2150011324739718,4.25778613799376
1.2075900820103274,4.254777524621715
1.2013450378738022,4.2530422225610005
1.1961480144797916,4.252554677370171
1.1918264271787973,4.253158243871354
1.1881985665209989,4.254627127504068
1.1850989486033077,4.2567114597767155
1.1823895335589496,4.259168379906714
1.1799629629675465,4.261783159608687
1.1765168285904744,4.261515919157754
1.1734585199356689,4.26154027136849
1.170743906194348,4.261777624011053
1.168333323408833,4.262156275017919
1.1661929897371879,4.2626157525056
1.1642950991605248,4.263108464287481
1.1626171474942435,4.263599431933778
1.1611409098231507,4.264064844375415
1.1598513529163539,4.264490040652502
1.1587356515239238,4.2648673699347155
1.157782390458213,4.265194215787028
1.1569809746100976,4.26547133473083
1.1563212326691366,4.2657015577957536
1.1557931819447838,4.265888838832226
1.154000398273394,4.262501579509007
1.1526771037205554,4.2599232261780475
1.1517226716403242,4.257948161449559
1.151058055725477,4.256423724119147
1.1466976693264477,4.248729073081201
1.1468745890849197,4.241175278252819
1.1479035698965079,4.235753658529022
1.1493985849918467,4.231658160306927
1.1511330006054685,4.228433425417177
1.1529724470847758,4.225818601734788
1.1548360183731698,4.2236605737411015
1.156674064038577,4.221865491506696
1.1571607207288948,4.216353792123533
1.1580593810813593,4.212443587179577
1.1591662586552494,4.209601517030923
1.1603590680233133,4.20750056029101
1.1615644190008456,4.205933941126874
1.162738235886387,4.204765651446848
1.1638541395228,4.203901870276175
1.1877483440640197,4.291589883133478
1.2015714662933006,4.337607168810464
1.2099751940464758,4.36172623057614
1.2148655980436371,4.373758437144694
1.2180966769468715,4.380717995114142
1.2214444704848981,4.387556470641484
1.2238932974607666,4.39221727917011
1.2257167647199871,4.395572018227758
1.2270699039917106,4.398078750182652
1.2290868576237397,4.4017730900290575
1.2305532466618565,4.404573614425001
1.2315806222009813,4.406723189380596
1.2322575522366546,4.408385596216558
1.2326572363468484,4.409674844730907
1.2328415079560497,4.4106724373257
1.2328628863613107,4.411437874029426
1.2339015414892285,4.413534679560552
1.2345696603357315,4.41514571055177
1.2349568320761728,4.416375734727104
1.2351364297376823,4.417304935773502
1.2357089042878153,4.419002408351094
1.2348016910577806,4.418823722525611
1.2340168171283206,4.418664148447592
1.2333418339367639,4.41850816989139
1.233311716273838,4.419345706547134
1.2331777314565036,4.4199805518438815
1.2329794332161925,4.42045222839899
1.2327462930774633,4.420791314748375
1.2312616999802606,4.41951085444936
1.2301422765722592,4.418472258585514
1.2293050468755227,4.41760683409947
1.2286864105308681,4.416864981975274
1.2321097202877076,4.424645849681274
1.2344566617029418,4.431223113631001
1.235912342991972,4.436763500945077
1.236652226810331,4.441434696608624
1.2368347685629641,4.445390282148409
1.2365972830453158,4.448762450950157
1.2360549064455868,4.451660235336286
1.2353016431955945,4.454170903779833
1.2344125337328513,4.456362822500222
1.2334462671228352,4.4582887421477215
1.2336725722468913,4.461453470910337
1.2335803176962001,4.464144626673146
1.2332638560493978,4.466446546824504
1.2327971569232514,4.468425491736697
1.232237374832966,4.4701330898958265
1.2316280171552614,4.471609429973269
1.231001665140885,4.472885681027891
1.2303822555114168,4.473986230897652
1.2297869589694375,4.474930385160782
1.2292277042679485,4.475733689086259
1.2287123993761309,4.476408938153721
1.2282458991781204,4.4769669379131365
1.2278307646178732,4.477417066001492
1.2274678526936933,4.477767680500604
1.227156771006742,4.478026410672022
1.2268962251164286,4.478200358921606
1.2266842819834294,4.478296236759046
1.226518568395708,4.478320452490211
1.2263964195045933,4.478279164303296
1.2263149894286465,4.478178309149585
1.2284965960103114,4.473960226788176
1.2307802999131603,4.469845961904489
1.2331078223657046,4.465848579524532
1.2358615424497794,4.462904944192141
1.238406158446869,4.459954160695816
1.2407719149632543,4.457045425842523
1.2452343051186805,4.450051609394211
1.24961928562581,4.443363710313195
1.2538630448407915,4.437016758547459
1.2556201214060323,4.435221407310337
1.2571596726940588,4.433540312772529
1.2585114190323914,4.431981815112718
1.259698291898529,4.430549817274667
1.2586015163960718,4.433310243661872
1.257402486465085,4.435904935123695
1.2561154631406108,4.438364962624824
1.2547578109039128,4.44071486864311
1.2513786880965183,4.44690470993234
1.2498895833773676,4.448869685605721
1.2484088690880248,4.450786459217689
1.2469479120290468,4.452656372035751
1.2455161242228125,4.45447868263853
1.2441211931106446,4.456251201390349
1.2427693146851146,4.457970818832701
1.2414654125868492,4.45963393449923
1.2422557846358577,4.457358284401641
1.2431948187933128,4.455172761446593
1.2442288077559296,4.453067700663471
1.2453178181313367,4.451039996119734
1.2464320384431342,4.449090206580411
1.247549161991361,4.4472206612922545
1.2486524956466794,4.445434264186402
1.2497295806651967,4.4437337785531374
1.2507711775548742,4.442121435136968
1.251770512366785,4.4405987514713425
1.252722712760737,4.439166483490399
1.2536243833070921,4.437824654968264
1.2544732839121073,4.436572628249478
0.7871797813350225,8.607243084925429
1.897574891910764,3.790190564357956
1.0292283808772265,3.6604386155260507
1.0023980080714128,3.6966846211455557
0.8720864694747387,3.8059449218228036
0.8330207279652727,3.915980594550662
0.7993516972139194,4.07355944580655
0.7682391238437098,4.325223654256442
0.7203831179052951,4.499332272489632
0.6847237491880757,4.56218432656864
0.6721266746905079,4.59711149231747
0.6766485013715494,4.616724509606882
0.6908591119948563,4.626738646465272
0.7086159594518029,4.63096470506854
0.7260549359485426,4.631875888947795
0.7413564184579516,4.630924657823205
0.7540131494827618,4.628899743196984
0.7641709017288869,4.6262201940371686
0.7722182058647696,4.623119003877896
0.7785820249627672,4.6197385648539155
0.7836445052491622,4.616174991302739
0.7877190562826846,4.612497730449937
0.7819383055657931,4.619393612273624
0.7773183606042612,4.628322479587307
0.7652881836459844,4.645379850458518
0.7548259713695737,4.66015487030141
0.7456554104306802,4.67301628258499
0.7375981800907327,4.6842471496473
0.7238115903563337,4.702100109048324
0.711437744229332,4.718010669771414
0.7005211591720932,4.734707175534088
0.6906112167344065,4.749639101406727
0.681630188006041,4.763015341574674
0.6735182567114227,4.775009289884806
0.6662253717992845,4.785765661631421
0.6537353419874063,4.8016724064489775
0.6422352484117339,4.816158212496482
0.6316626478879445,4.829359287852236
0.6219688639699025,4.8413905144075855
0.6131133142898454,4.852349668858229
0.6050600150970801,4.862320714686518
0.5977754110237089,4.871376394099611
0.5918021879744089,4.875533652485374
0.5925232783809069,4.8740736243647795
0.5938173315889147,4.872275250295308
0.5956049950800743,4.870151187773043
0.5978117483211642,4.867716041405506
0.6003685499270331,4.864985833286108
0.6079075132664342,4.867668228380154
0.615265100722716,4.868123418491061
0.6224797501174272,4.868020585872665
0.6233351533900857,4.872260683926386
0.6242657405096487,4.875964638894054
0.625269943049839,4.879164126643926
0.6263449760716427,4.881888098707027
0.6274872453123711,4.884163271386659
0.6286926441833351,4.8860145217329585
0.6299567699341183,4.887465209135521
0.6372592116793141,4.883899099460506
0.6443685780914408,4.880029986116847
0.6512608286034538,4.875888455870984
0.6579176093316143,4.871503756672109
0.6643257295942852,4.866903869708373
0.6704765906590343,4.862115569381542
0.6764556189279404,4.858568873164581
0.6821438039668867,4.854839801321394
0.6875480216484411,4.850951750020857
0.6926765699702507,4.846926863410632
0.6975388212605399,4.8427861381338415
0.7021449143506207,4.838549501518378
0.7065054870595096,4.834235868818464
0.7106314478611216,4.82986318420189
0.7145337845901865,4.8254484495400245
0.7182234073894007,4.821007744457586
0.7217110227233109,4.816556240533355
0.7250070351149269,4.812108212015302
0.7281214732437024,4.807677044929667
0.7310639371347251,4.803275246028745
0.733843563335029,4.798914452640098
0.7364690051881153,4.794605444152407
0.738948425562559,4.790358155599507
0.741289499650337,4.786181693581987
0.7434994257143265,4.782084354591174
0.7455849419242133,4.778073645668332
0.7475523476699323,4.774156307237031
0.7492061501119313,4.768896294381112
0.7507831701522366,4.763787932616701
0.7522859956492364,4.758836570826533
0.753717035027448,4.754046706752656
0.7550785390920554,4.749422031340414
0.7563726218034472,4.744965472671411
0.7576012796021058,4.7406792392343435
0.758766409034298,4.736564862350113
0.7598698225562598,4.732623237623562
0.7609132624917504,4.728854665339098
0.7618984131887645,4.725258889752131
0.7628269114700044,4.721835137253976
0.7637003555026068,4.718582153405835
0.7645203122294886,4.715498238849051
0.7652883235109695,4.712581284105224
0.7708482581893994,4.705090369190944
0.7761351056488052,4.6978238202255005
0.7811388106376737,4.690796982033963
0.7858542549984346,4.684022476705332
0.7902805678657767,4.677510289230175
0.7944204238180688,4.671267922989238
0.7982793633493654,4.665300601628427
0.8018651609833759,4.659611496765132
0.805187257677474,4.654201964698691
0.8082562665422262,4.6490717792700815
0.8110835546927997,4.644219351805031
0.8136808993576702,4.639641932406351
0.8160602131179517,4.635335789596477
0.8182333311468458,4.631296367416071
0.8202118523218974,4.62751842059665
0.822007025845084,4.62399612942328
0.8236296753006345,4.62072319648402
0.8250901527169343,4.617692927763561
0.8263983160263131,4.614898300568184
0.8275635242230385,4.612332020642834
0.8289252452217615,4.611601562081511
0.8301339421885042,4.611024442174953
0.8311988114099461,4.610591557781301
0.8321284324108449,4.610293971247061
0.8329308708166848,4.610122951964476
0.8336137621773952,4.610070008000643
0.8341843792848631,4.610126909460037
0.8346496852868971,4.610285704985379
0.8350163746940023,4.610538732595148
0.8352909041838625,4.610878625886025
0.8354795149264372,4.611298316485263
0.8355882479771963,4.611791033514696
0.8356229541162044,4.612350300719833
0.8355892993466454,4.612969931821087
0.8354927671088306,4.613644024557686
0.8353386581159928,4.6143669538167655
0.8351320885775805,4.615133364169958
0.8348779874455488,4.615938162077017
0.8345810932003028,4.616776507960293
0.8342459505861466,4.617643808305176
0.8338769076116525,4.618535707899485
0.8334781130482709,4.619448082289225
0.8330535145904023,4.620377030498445
0.8322415144195616,4.619678742440706
0.8314474218384945,4.619062428026663
0.8306734319381015,4.618524078324318
0.8299212950495893,4.6180596715308555
0.829192370610438,4.617665190736816
0.8284876777310743,4.617336641213582
0.8278079417876877,4.617070066856911
0.8271536366783969,4.616861565523799
0.826881865328007,4.618346654360833
0.8265976265640185,4.619810743288383
0.8263028868372152,4.621250560382918
0.825999530758733,4.622663217927365
0.8256893595141791,4.62404618656159
0.8253740890432822,4.62539726973765
0.8250553481742086,4.6267145788346795
0.8247346768681516,4.627996509203358
0.8244135246986802,4.629241717335122
0.8240932496617445,4.630449099286697
0.823775117386325,4.631617770436143
0.8234603007925624,4.632747046601817
0.8231498802238428,4.633836426519696
0.8228448440617592,4.634885575646609
0.8225460898180402,4.635894311235979
0.8222544256853486,4.636862588617847
0.821970572519141,4.637790488605244
0.821695166215381,4.6386782059434815
0.8214287604435835,4.639526038716867
0.8211718296912232,4.640334378628045
0.8209247725737184,4.6411037020678085
0.8206879153637684,4.641834561897482
0.8204615156945313,4.642527579871201
0.8202457663927738,4.643183439631336
0.8200407994004774,4.643802880216506
0.8198466897462691,4.644386690027992
0.8196634595312917,4.644935701206514
0.8194910818975878,4.645450784377312
0.8193294849506223,4.645932843727024
0.8191785556111191,4.646382812381014
0.8149256632809587,4.651578371923705
0.8108581759067258,4.656616269237044
0.8069631122105191,4.6614985002472435
0.8032306561454504,4.666225957507653
0.7996534422683995,4.67079883024736
0.7962259869898956,4.675216893815086
0.792944231255209,4.679479719799402
0.7898051703408697,4.683586828744417
0.786806553194735,4.687537800956228
0.7839466383096475,4.691332356431278
0.7812239962551519,4.694970411807252
0.7786373511799307,4.6984521200289615
0.776185455151391,4.701777896858869
0.7738669903230093,4.7049484372542505
0.7716804947507686,4.7079647238475815
0.7696243083087247,4.7108280292095746
0.7676965356423165,4.713539913178564
0.7658950234886512,4.716102216257638
0.7642173500145153,4.7185170498779945
0.7626608240950382,4.720786784179068
0.7612224926923125,4.722914033845827
0.7598991547030474,4.724901642459379
0.7586873798337209,4.726752665750276
0.757583531234814,4.7284703540892306
0.7565837907852397,4.730058134503586
0.7556841860657065,4.731519592467496
0.754880618196486,4.732858453677929
0.7541688898414843,4.734078565996401
0.7535447327969411,4.73518388170728
0.7530038346896901,4.736178440217339
0.7525418644068007,4.737066351297735
0.7521544959657142,4.737851778948702
0.751837430611828,4.738538925948833
0.7515864169991111,4.739132019134792
0.7513972693690256,4.739635295443474
0.7512658836941961,4.7400529887369025
0.7511882517963459,4.740389317420306
0.7511604734835431,4.740648472855665
0.7511787667803531,4.740834608566423
0.7512394763466944,4.740951830223665
0.7513390801976905,4.74100418639994
0.7514741948482578,4.740995660073577
0.7516415790132213,4.740930160863896
0.7518381359970314,4.740811517975849
0.7520609149072893,4.740643473831286
0.7520050050569116,4.742264005904783
0.7519580985391101,4.743784589805508
0.7519201733202265,4.745207708197182
0.7518911679089172,4.746535972660393
0.7518709864628043,4.747772102928006
0.7518595030551203,4.748918907864344
0.7518565652661525,4.749979268084888
0.7518619972342937,4.750956120107238
0.7518756022767239,4.751852441922295
0.7518971651691588,4.752671239875963
0.7519264541569345,4.753415536755399
0.7519632227553594,4.7540883609791145
0.752007211385301,4.754692736796654
0.7520581488800073,4.75523167541055
0.7568242582721529,4.7510057948377264
0.7614516658121493,4.7467726389506835
0.7659224550158841,4.742551059987866
0.7702225060918049,4.738358273388522
0.77434124256256,4.7342098349927575
0.7782713170668643,4.730119660473754
0.781771348199748,4.7246210467821435
0.7851081557405312,4.719257359595707
0.7882775301015903,4.714037665345375
0.791277712483544,4.70896980159101
0.7941089938454015,4.704060430850529
0.7967733370924822,4.6993151055369005
0.7992740318155637,4.694738339178358
0.8016153870475174,4.690333680118879
0.8038024643504385,4.686103784864702
0.8058408511210806,4.682050489099353
0.8077364722538862,4.678174875105323
0.8094954371397649,4.674477334898514
0.8111239182995488,4.670957628809678
0.8126280576472841,4.667614939552084
